1840,https://fkrt.cc/heZjTsN,
1837,https://amzn.to/4ndbEWK,
1841,https://fkrt.cc/h0vjd0z,
2016,https://amzn.to/46arnjh,
1842,https://fkrt.cc/hKMFKee,
737,https://amzn.to/42BrIsV,
1845,https://amzn.to/4nzvWcC,9499
1823,https://amzn.to/41W66Hw,49
1844,https://fkrt.cc/hblXtyu,1449
1846,https://amzn.to/3K5LFlu,1499
750,https://fkrt.cc/h18wp6G,27490
1932,https://www.meesho.com/usb-c-to-usb-c-cable-25w-fast-charging-with-pd-480mbps-data-sync/p/9syxrm,
1847,https://fkrt.cc/hFB7IVP,899
1933,https://www.meesho.com/chanderi-cotton-golden-border-white-kasav-saree-new-latest-desing-saree-dailywear-fancy-saree/p/3uyykp,163
1934,https://www.meesho.com/comfortable-sandal-for-woman-n-girls/p/778ypw,170
1936,https://www.meesho.com/unique-fashionable-womens-daily-use-stylish-flipflop/p/5fpazh,118
1848,https://fkrt.cc/hmIPkg2,289
1935,https://www.meesho.com/syntethic-leather-flat-sandals/p/52chbm,162
1850,https://amzn.to/4mnyZ70,229
787,https://www.amazon.in/dp/B018HSHIHY?th=1&ck=undefined&tag=earnkaro09e_8667-21,95
1850,https://amzn.to/4mnyZ70,229
1541,https://amzn.to/4mj8WOh,58
1937,https://amzn.to/46avewJ,749
1938,https://www.meesho.com/tzen-slippers-for-women-slider-for-ladies-girls-slipper-chappal-chappal-for-women-dailywear-outdoor-indoor/p/8vtt4r,
1849,https://fkrt.cc/hlM1HCs,
1856,https://fkrt.cc/hFwUTBg,128
1859,https://fkrt.cc/h1GONg9,297
1857,https://fkrt.cc/hDcyBsz,300
1860,https://fkrt.cc/ht97k3X,297
1939,https://www.meesho.com/stylish-slip-on-for-girls-n-woman/p/76vz77,
1861,https://fkrt.cc/hBljbYC,193
1863,https://fkrt.cc/hd1hWaN,262
1862,https://fkrt.cc/h77pOE9,
1870,https://fkrt.cc/hbKWatK,269
1868,https://ajiio.in/91cqMRo,
1871,https://fkrt.cc/hOHJjtq,92
1858,https://fkrt.cc/hDk5Vyv,742
1825,https://www.meesho.com/comfy-women-bra/p/4ammx0,
1872,https://fkrt.cc/h6ZL7IC,
1940,https://www.meesho.com/modern-attractive-women-flipflops-slippers/p/70vzjv,
1873,https://fkrt.cc/hKnZ0yp,153
1874,https://fkrt.cc/hac7ZQp,113
1875,https://fkrt.cc/hwx5LEo,117
1876,https://fkrt.cc/hguRzfM,69
1877,https://fkrt.cc/hnK4f20,153
1879,https://fkrt.cc/hAoZSf0,87
1881,https://fkrt.cc/h0SjSLo,2671
1880,https://fkrt.cc/hb1Egso,
1882,https://fkrt.cc/hpNhyaQ,2885
766,https://amzn.to/4nVlTPB,999
1883,https://fkrt.cc/hDYiUax,104
1884,https://fkrt.cc/hHnHA80,345
1886,https://fkrt.cc/hSJDwml,258
1887,https://fkrt.cc/h29X6fo,297
1885,https://fkrt.cc/h55PmVn,273
1888,https://fkrt.cc/hB6nGgb,
1407,https://amzn.to/4n8LfcL,2499
1899,https://fkrt.cc/h6X97Og,350
1889,https://fkrt.cc/hcnrhmX,215
1890,https://fkrt.cc/hreEIaR,215
1833,https://amzn.to/41Vb07J,69
1891,https://fkrt.cc/hyKb45r,276
1892,https://fkrt.cc/hIIl5mA,290
1893,https://fkrt.cc/hEWJe78,73
1423,https://www.amazon.in/Quace-White-String-Light-Decorations/dp/B0BKT8VL1L/ref=sr_1_3?crid=3P9VCA0Y3CK6K&dib=eyJ2IjoiMSJ9.hm5izvEbVSO3ALN1y5F6o2mTTFfo9YyKDTG-9jBYt4MgRREIRAIZwHaCE255WO3VrclO9k9eBK7O2X41zwtYsDwrLZ4g_VQB73WUtDybBWJJUQNjMVBJndWu9pwObInH-gFSTYTHQxEAYBHJW3dDbkhx7yiS6etyL_f_QDdM-CFv3XNXneoeXpmuBEK2eWazK1S9ePgcq7Y4VtwHpeGQdHE41D9CMXXqosgNBMpxmLUBY9eeR10EzO7XWYSb2bxI3lhz2WspOm3sSCMS-9vCIM93KG07rsQn81QLLFxDUQc.IV9iP7_3FQIAI8nv0MqH5wQerEedv0dMWa4QQH5U27s&dib_tag=se&keywords=Lightning%2BDeals&qid=1757943906&sprefix=lightning%2Bdeals%2Caps%2C335&sr=8-3&th=1,120
785,https://www.amazon.in/dp/B0D2P9JK11/,197
1894,https://fkrt.cc/hD845B1,150
1895,https://fkrt.cc/hptwaZx,289
1896,https://fkrt.cc/hGWUcXX,431
1897,https://fkrt.cc/h1stV4R,470
1942,https://amzn.to/3K9VBKD,498
736,https://amzn.to/3IsShtw,1799
810,https://amzn.to/4n7GAaT,469
